"","Sample.1","Sample.2","Sample.3","Sample.4","Sample.5","Sample.6","Sample.7","Sample.8","Sample.9","Sample.10","Sample.11","Sample.12","Sample.13","Sample.14","Sample.15","Sample.16","Sample.17","Sample.18","Sample.19","Sample.20","Sample.21","Sample.22","Sample.23","Sample.24","Sample.25","Sample.26","Sample.27","Sample.28","Sample.29","Sample.30","Sample.31","Sample.32","Sample.33","Sample.34","Sample.35","Sample.36","Sample.37","Sample.38","Sample.39","Sample.40"
"sp|A0M8Q6|LAC7_HUMAN",111550.2383,9203.457829,66725.48566,59910.88459,164221.5117,9143.972681,6409900.993,12387.85348,7809.981237,45539.75931,55931.50357,35016.54954,32546.34611,56644.30637,18391.96492,3113174.986,13209.36699,19826.61211,4225820.852,168274.9615,2277251.683,6397863.195,3189287.117,3628607.817,4121755.289,142676.0918,4140671.913,180247.5324,5826897.385,3381949.796,9161570.366,4993860.937,4057250.495,5820280.689,165452.7078,7598434.676,5034978.322,7395054.782,180143.2685,5142439.965
"sp|B9A064|IGLL5_HUMAN",6555986.552,7765068.838,9187741.196,7691362.406,14987756.13,13741157.8,8230957.829,8681886.238,9058707.275,8188822.161,2531991.14,3934526.205,1700101.839,4418838.109,5584636.034,3334235.863,3871054.529,3312348.082,4053520.354,4567918.43,9331017.22,10557921.62,6857038.425,8977857.795,9036241.452,14600435.61,10900762.66,11780514.61,9930734.58,8223536.905,14982033.89,8805436.91,12747422.25,10750308.38,17005220.71,6744077.722,7680128.987,11003289.25,13396145.78,12638802.94
"sp|O14791|APOL1_HUMAN",10011214.38,6967988.577,8196725.421,7793771.502,4469132.345,234426.7583,10721760.34,217810.7517,162619.9964,288470.8705,8933724.013,812346.3526,819827.0222,485840.2946,638289.9659,5737175.307,7894232.252,7794366.059,337326.447,821796.4863,1036516.969,826893.5905,886915.189,1007502.846,912717.7886,1089385.603,727134.097,1024629.028,535929.1698,721123.5622,1045996.828,775103.8985,1542276.293,5595462.391,7846051.827,892589.6441,9891834.873,590688.2811,6847769.618,8326700.082
"sp|O43866|CD5L_HUMAN",81595.05667,620464.6049,156763.4585,203854.6316,110930.1037,287747.0457,69979.66524,201981.1133,111816.7532,138801.4046,1591099.772,830490.8939,1683988.321,836993.6935,1024494.048,1487672.45,889691.4308,691155.8664,783409.1296,1137165.985,1474771.556,3229526.708,542255.9278,714333.3921,1521901.598,907695.6086,937306.0955,1809988.726,1370390.329,1413560.72,1305124.413,567463.1045,1575207.553,1157816.562,1490698.564,2547516.696,1312258.657,919223.1797,1459847.993,1530764.41
"sp|O75636|FCN3_HUMAN",255921.7401,397903.7724,351391.0129,311765.3531,352380.2165,416404.327,166162.709,159201.4201,360034.6175,401916.3039,626999.4663,430995.4621,526450.1248,382740.8096,461213.955,407017.5333,447071.5516,438588.5055,204663.5288,389966.4863,398368.8073,440884.7651,389504.0031,488061.3867,371551.1909,280102.6274,484068.3427,435277.6285,384481.2771,488193.6323,248632.3065,314255.0162,209721.9874,209197.7312,380238.4788,228219.301,283408.4013,253680.5108,207351.3162,290369.3711
"sp|O75882|ATRN_HUMAN",176753.2368,155830.6898,131684.031,185780.8022,211256.4649,222450.9864,141098.6132,187061.9636,145421.1607,177130.2074,210326.85,159735.1263,195481.9646,148045.8212,217880.2818,242449.7291,144472.7699,214826.43,135521.4339,171973.0917,218598.1027,266870.0504,207991.4805,413770.3059,205805.2478,197050.2732,190564.1596,231927.6282,214314.7808,216969.9267,131123.348,158421.8072,188790.5369,139064.841,184319.7975,144570.8008,220090.4059,163019.3451,164428.2109,168946.768
"sp|O95445|APOM_HUMAN",1020016.774,2250938.867,1349442.603,961774.3648,1058481.935,1818462.501,1528317.901,1818339.45,2021296.325,2281482.809,2892953.202,1650582.786,3291865.533,2130070.018,3015864.308,2538537.871,1714517.621,2612111.031,1372180.387,1699907.465,1902993.798,2084266.682,2146561.483,1596101.608,2170205.505,2027061.554,1920461.698,1258234.355,2237601.398,1855274.122,1332294.993,1612966.089,1673819.473,1480444.598,1488056.354,1407063.532,1620413.685,1070757.402,1341938.604,1671401.258
"sp|P00450|CERU_HUMAN",11827291.68,18218006.53,25112956.16,37280211.12,15430159.24,19854023.38,21956370.61,26993023.57,21815239.47,12321129.16,39568932.9,44665366.78,39737722.85,33892344.62,37340181.61,38902645.82,32348114.37,34863180.41,30866112.22,51647486.96,46445039.88,49552054.34,51975023.22,50202979.38,41243884.96,32036563.35,50052622.75,52920724.79,41461619.99,50978682.27,27688205.02,28659576.81,61515786.15,29756748.53,61578056.9,27064548.23,23493409.96,24712499.99,18627158.72,51522335.56
"sp|P00734|THRB_HUMAN",5268991.392,10803450.89,10637949.18,8633835.197,5519105.931,10548383.52,5367526.066,11298120.41,11551378.19,10377679.59,18193729.22,10863060.15,15169868.95,11081483.41,15803128.34,13729887.64,9926703.59,12903566.07,13020166.31,13803080.8,12342595.78,13857045.91,14725685.27,17252228.55,13786232.27,10829176.12,14985882.83,17087666.8,12926538.24,16729620.43,12942195.1,11141199.38,12798244.82,11258670.55,13620893.2,10439945.53,9277012.496,12998055.43,9421021.263,12537074.47
"sp|P00736|C1R_HUMAN",714703.6159,659098.2743,709550.4542,911116.2865,756747.5901,1142857.316,713979.3249,944130.1325,932780.9,608530.0272,471048.9688,609414.5455,698522.7636,589287.6147,812381.6511,746494.029,817670.4838,711005.4768,778673.2763,729876.4895,817814.1545,608798.0551,843284.0874,886444.8852,909586.7576,756094.5424,687608.4634,902629.3462,580704.6068,671117.9665,541908.7366,527956.3992,1007442.468,680588.9765,711182.075,584148.4535,512610.0605,737181.4754,434514.01,755199.7862
"sp|P00738|HPT_HUMAN",2657972.721,42195093.71,12123878.05,1110314.435,2561657.723,67749506.25,19189776.3,20949674.61,15595153.23,6601819.313,113157923.4,123715577.9,96516005.41,34474641.67,43357560.81,94939315.19,132604061.6,30263690.41,36188588.21,96818489.58,130364663.9,139566501.2,114660807.7,134510864.7,108873702.9,86627686.85,108644634.5,149509255.8,55956652.26,100491530.8,117686890.1,85619370.85,103627480.3,87411662.12,10372859.31,79798774.65,15968165.34,163792754.3,31663258.39,95418450.56
"sp|P00739|HPTR_HUMAN",107485.0446,324792.4805,247968.3713,200526.0779,173566.4539,223641.3179,84026.09235,219383.9782,131713.3237,88715.15094,571750.3836,373492.9439,597687.4135,242383.7697,368914.8937,490126.1161,240545.0966,408990.7681,220619.8767,630804.2057,588669.2925,457920.1081,631848.2499,684601.3528,472585.4022,696203.6215,401130.7277,474130.3065,169617.1637,193953.3431,690114.4222,585889.1897,1258817.977,733153.4367,431537.2542,480858.0539,186283.8114,346106.6827,271821.3179,659330.862
"sp|P00747|PLMN_HUMAN",5436609.948,9066602.827,7968735.196,8380246.808,5323404.54,7196886.131,5359851.1,6898256.091,9307038.211,7286722.144,12578422.59,9457200.68,10757432.25,9600324.028,12211316.69,11050818.25,9841879.218,11475835.74,7653715.056,11061508.52,11948768.33,13776047.84,12971453.87,14246721.96,12203345.99,10952363.43,12451355.19,13440490.94,10932262.8,11618904.11,10820946.19,10884290.79,16707326.35,11203396.98,16054305.57,11222220.46,10008093.41,10025686.93,8858406.277,13133204.94
"sp|P00748|FA12_HUMAN",658632.728,1233911.113,803001.3541,693898.9056,514067.5503,252140.1224,645513.2996,729432.2773,1049081.014,583935.76,1345950.398,1284742.526,1363891.268,697700.8067,890918.9997,1233663.188,382938.2524,589383.5118,997963.4409,926818.0926,1110538.478,982574.6544,1184932.249,1248299.064,1078099.533,846120.5886,1341484.198,847804.1038,711265.2384,1684183.372,1144590.136,926798.7871,1576049.318,683708.6186,1292925.418,716719.3729,390597.6761,425950.9255,647052.8235,1170633.164
"sp|P00751|CFAB_HUMAN",9600568.473,12171836.7,10770234.47,11170452.95,7481374.928,12550258.66,9528959.4,14608090.58,11504080.02,12509864.88,14353740.78,15452176.8,19604439.38,10679484.6,13683256.47,13517390.81,11525314.69,13763565.22,11322219.01,15931590.2,24070874.37,15026422.04,20093956.27,21574453.47,22106517.69,18206605.77,18972604.7,24590755.23,17196660.57,20662604.4,14468395.32,14376620.55,21721024.93,12801345.72,15459508.56,15879885.17,10220702.54,14069338.54,11215624.87,20059132.69
"sp|P01008|ANT3_HUMAN",4344910.658,7687280.198,7333357.647,6615068.443,5698209.643,6934847.473,5923380.871,6603675.638,8691951.466,7024128.204,11077075.42,9317109.557,11237552.77,8321328.292,11169656.15,10744044.18,8252734.516,10678243.91,10185177.31,9086084.84,9073471.371,8836135.214,9885132.397,10081720.2,10012994.29,8888984.732,9929117.725,10135258.67,9435588.262,10171461.4,8076306.155,8389911.551,8486178.954,7980557.664,8486011.895,7697094.135,7475640.838,7494116.683,7783787.358,7382212.813
"sp|P01009|A1AT_HUMAN",127696104,146058410,121219072.6,143956953,74211517.18,115134350.8,105259529.8,166838242.4,125783577.4,106015344.3,107296812.4,85896890.55,108121672.3,93412191.37,111980960.6,106244205.3,85865571.95,84430085.47,86519679.47,88128694.44,115482588.6,107319660.9,100881056.5,95785999.26,120118785.7,101859525,128036155.8,76432136.28,113169275.3,69329272.93,122971478.9,103764869.7,136526645.9,97763061.12,136186181.7,75577029.17,96192101.93,96836962.45,89117904.39,119745463.4
"sp|P01011|AACT_HUMAN",22927002.67,15384836.28,29955767.04,19395142.83,17079045.7,19310074.9,21616915.58,35492363.66,26934673.61,14640576.34,22895040.95,17725013.16,20275901.95,15051444.22,16117520.58,24840929.68,26395096.38,19412702.73,18622028.82,23715581.54,25153786.31,24794764.46,25112476.35,25451474.44,18974685.83,17880190.98,24763813.57,20945383.33,22432262.9,26164399.1,19756729.73,23647118.07,23900276.57,17644508.47,15691356.69,15560989.73,18766415.23,21620063.07,18141613.46,19199323.9
"sp|P01019|ANGT_HUMAN",19709569.63,24423986.5,21377107.91,14320483.89,10824812.17,15624068.28,14243031.71,24641862.06,21380553.9,18399797.93,15735825.45,8235701.281,13081942.66,6545297.917,8883875.84,10758278.73,9449571.353,8413984.575,7272494.486,6977457.115,6447813.138,7862185.149,9381635.438,10221923.46,8017784.438,6444156.026,7669743.749,9015724.125,8048303.68,8954127.1,6765103.335,6128520.617,17607266.68,8157560.376,31592717.41,8215838.361,5894643.065,5845468.009,5947469.658,16595982.58
"sp|P01023|A2MG_HUMAN",341452448.4,488609163.9,314351768.9,460142170.4,421946621.6,401552338.5,350012548.1,401097474.3,398420414.4,351955243.3,509598507.2,427126192.9,568164611.3,453887738.4,534006132.3,402345378.3,434173475.4,451282118.9,430792471.5,401547119.2,399513521.1,360893566.1,553691752.9,561491309.6,489866137.2,321484417.1,380325845.4,493692008.7,383203660.8,417841268.4,165426723.8,184696514.3,222076322.4,249673752.8,145969399.2,151354097.1,170621348.2,159415541.8,195206809.4,149571000
"sp|P01024|CO3_HUMAN",171913242.8,222904393.5,205472659.8,225977854.9,189906677.3,170974586.6,184525222.7,223658137.3,218809201.8,199183067.3,163967519.2,186748976.1,205939790.7,163663479.7,201074661.6,187644584.4,198654554.9,212806791.6,157568654.6,164643093.9,257436937.3,246626340.9,277867978.4,285030147.4,263264603.5,236519282.3,221980676.1,246782377.8,214937280,253024141.1,188677027.5,195434075.2,258852280.6,167077881.6,208905465.1,201842714.8,150795261.6,209364571.1,123369188.4,244613782
"sp|P01031|CO5_HUMAN",2714599.762,3733501.884,3601732.094,3793227.968,3273905.354,3708910.207,3075752.12,4522291.306,4057927.965,3626276.368,2303219.776,1773866.456,2785804.659,1860570.258,2266598.157,2482713.042,2318589.481,1965799.506,2025206.412,2177247.746,3022400.599,3010043.002,2871188.207,3056969.751,2926992.361,2765619.901,2516629.528,3134457.685,2554496.326,3040951.338,2854684.777,2580048.785,4196513.811,2742256.918,2800980.347,2468840.216,2136755.384,3164028.415,1917997.785,3731853.764
"sp|P01042|KNG1_HUMAN",3259060.872,5791800.824,4516418.971,5433649.623,3561548.924,5903766.479,4272933.475,5790278.936,6451838.069,6156471.927,10117862.65,7788711.711,9691553.68,6982651.129,8890779.129,8469822.915,6441838.797,8258750.032,6463945.073,8334332.903,6418524.878,8320873.367,8777162.987,9367238.558,9486405.84,7323349.627,9388596.615,8811658.96,8051243.051,9127086.607,7772441.231,6970797.951,8923632.93,5981072.038,11269162.13,7290663.196,5781683.432,6633578.847,5950484.182,8305313.544
"sp|P01591|IGJ_HUMAN",123924.9666,124809.1495,127056.7257,100669.4088,87148.57457,148036.9449,198237.2846,200297.4902,143460.4389,132944.6597,1097486.721,589976.8134,1167014.728,685681.7039,680458.2136,1294956.35,618211.3368,427882.979,608511.445,1111532.039,1198761.503,2723132.298,456681.2667,611004.5179,1004594.748,1002195.303,758758.8021,1602183.488,1688830.003,1591297.785,1317779.46,1044816.788,1732816.949,1509963.176,2394607.904,3548706.42,2050903.055,1672168.395,1567460.56,1763913.581
"sp|P01602|KV110_HUMAN",3141880.559,3532047.013,2331201.88,1936600.771,3820064.122,3428495.707,1187092.325,3128311.57,1979512.838,2141084.968,1308005.406,1763653.071,1587453.872,1175081.427,1450850.796,837897.6414,2081980.296,1259388.201,765251.9907,1564313.662,1540565.121,3649347.607,1131101.625,977760.8201,1237101.607,1545609.611,1808247.133,2212021.647,1509143.525,1754223.903,2727314.366,1902904.602,1908896.302,3474534.664,2087681.565,2979648.117,1021407.982,1598015.017,2868296.558,2032597.388
"sp|P01609|KV117_HUMAN",4898207.015,7243944.739,6164710.74,3294823.457,3431801.999,4173232.974,2043809.192,4092133.566,3626356.535,4374247.883,1848441.445,2640813.995,1346194.424,1781138.943,2055125.859,1684817.245,1987832.128,2259151.067,1645215.621,2626789.647,2599975.052,2575196.599,1880373.558,1588131.033,1760548.556,3755716.438,2278258.656,2739008.764,2958559.455,2691497.178,3401991.178,2877019.713,2870586.116,4384424.608,4018563.97,3811137.813,4030130.31,3058729.995,2919917.389,2360678.178
"sp|P01611|KV119_HUMAN",582072.3328,894458.338,887154.1439,454264.1822,547449.4796,549183.1563,296174.1776,610191.5545,503850.1872,514914.0721,313920.0153,402280.6413,244670.4189,263838.6194,371785.9967,246333.4093,252746.4292,270835.5304,199975.9499,590488.1607,311055.5065,524350.117,234497.1957,213834.8275,212264.8366,424165.7119,254519.4226,362471.1054,371208.069,359583.6621,692295.4081,420556.0819,397139.7333,542908.0195,589137.9544,470902.9724,456933.3813,486212.0995,516579.254,402479.1905
"sp|P01613|KV121_HUMAN",1878581.916,1843017.748,1823322.805,528886.1518,1375609.536,2112768.406,895802.6438,2294817.607,1550286.878,981833.4777,1080425.947,1415617.729,951635.0143,1142730.788,1166594.492,1027153.23,1124714.609,1030296.263,892729.5962,1165098.231,1259198.891,2035667.777,1166807.261,5514755.985,897111.4711,1664517.186,1587425.433,6227438.985,1317409.213,1422531.38,2184828.712,1278316.431,1422833.905,2004919.164,2266398.545,1802643.076,1119026.186,1103897.264,1557943.671,1235221.334
"sp|P01714|LV301_HUMAN",854049.5186,1139727.361,1027813.136,626564.4591,1095909.554,854926.3573,728885.0116,1116166.696,1295115.539,742622.594,1223958.804,759028.0467,450878.0874,835550.6463,824854.0755,531867.8222,572917.1322,531611.6313,765321.2629,798386.6858,603064.2026,763689.754,694878.8339,1047103.624,959236.5089,1023172.968,1123046.672,1289880.16,803057.3881,859869.4088,901685.0938,607615.5356,1286572.929,385324.8567,1013342.393,467151.707,678099.7005,555017.7518,700542.1684,1027281.023
"sp|P01717|LV403_HUMAN",1963047.007,3119289.281,1404699.817,1424084.871,2122824.091,2209528.643,919982.3441,2995823.827,2741660.12,1541691.123,1943306.931,2092975.466,1392464.506,2083499.436,2729411.062,1084537.456,1675482.051,2052412.941,1788236.001,2082158.925,2202260.458,3077206.363,2777838.672,3686180.943,2295613.537,2077602.64,3597761.405,2159849.391,1552263.715,2968107.53,1906758.14,1583580.172,2404512.594,1890485.695,2353089.57,1675607.597,1361282.638,1935170.451,1237593.745,1402567.657
"sp|P01743|HV102_HUMAN",1418090.171,1770837.783,2056293.608,1313605.626,1542850.613,1563623.145,1928867.939,1557235.965,1676895.271,1216424.15,1236677.628,1944287.299,893909.566,2097038.619,2204396.662,1099853.256,1145703.659,1080240.236,1183572.595,2903996.155,1365423.675,2274788.307,1197020.504,1592940.693,1534622.146,2796913.394,1771490.359,1278107.901,1922263.788,1774884.392,1781841.852,1359418.278,1794534.587,1509030.312,2554491.169,1316984.204,2310507.163,1328640.199,1512165.568,1480675.664
"sp|P01764|HV303_HUMAN",3089500.908,4867104.773,4328188.716,3382823.246,2976275.003,3330138.256,1913062.447,4172739.386,3363740.071,4277989.856,3765399.859,2223529.63,2608333.782,2603608.573,3149928.221,3225585.354,2716245.691,2502713.762,2525114.737,2451971.122,4251345.981,4664757.846,3298652.059,3960858.91,2684340.685,5323869.547,3747417.865,5077611.851,3106112.666,4250184.902,5765605.005,1766896.868,2922662.683,6596406.678,5482944.808,4330874.958,3266268.001,4568397.747,2372464.681,3101485.047
"sp|P01766|HV305_HUMAN",7270981.211,12207512.34,13512723.95,6988149.189,6958902.366,9726014.572,7368059.17,9401361.493,9707162.065,8082164.987,8381027.441,8506341.143,6227574.851,8076859.305,10121081.1,7388060.964,7611967.725,7228070.612,6968245.12,13113016.03,8935660.382,15821491.36,7753128.881,8990861.187,9986377.633,12517366.2,11095657.52,9401865.863,9198885.828,9635861.784,15062262.18,9382028.97,11576776.33,12837601.18,18725654.95,12928990.09,9725815.719,11466131.13,10075682.31,9210642.332
"sp|P01772|HV311_HUMAN",414609.7989,484670.5933,613943.6021,303047.3722,242620.3442,635827.0351,296844.7481,185296.6833,412342.1668,213712.9163,56444.668,45489.20904,23520.16274,71450.78286,85323.44021,25220.99958,78946.29281,73114.63352,41741.52853,80550.61828,221252.197,201248.1536,88702.80264,143129.7912,155123.8244,347023.9414,387303.7025,245376.5102,350381.9941,131075.2903,670244.7321,105999.5526,540219.859,306711.6349,528730.6502,462565.563,266249.4513,411483.1487,545879.4419,316541.6563
"sp|P01780|HV319_HUMAN",68362.95072,99317.52961,195537.1818,138755.4246,125074.5029,100860.8136,107969.7913,132073.6942,100986.517,150449.5474,25510.44804,58369.86861,5265.131922,16238.83658,24255.68067,7613.53219,8318.495461,25973.1912,12528.77671,36832.50318,46847.26641,142559.6752,181672.2131,17492.15453,151780.0275,170803.3196,140135.5121,78641.27599,238578.2268,147917.5851,81484.14962,179766.8483,153927.2754,275374.2188,95432.29871,190497.301,163435.9944,110524.1625,129028.9273,216716.9591
"sp|P01781|HV320_HUMAN",1261927.817,1743359.563,1649417.904,885017.5741,1145906.368,1749346.039,1859153.645,1627802.334,1069558.998,749773.696,1465900.996,950295.5116,1079710.083,818353.9111,1282092.354,908708.7038,787725.9591,1047829.756,1013444.925,1120376.19,1327553.884,1429783.276,1121565.534,1242564.817,739441.1127,1655127.843,1676727.092,1168125.024,846802.3033,1413562.916,1900304.622,1170597.935,1751701.355,905600.6216,1889741.652,2236001.976,468992.5435,1204733.65,1259378.706,1835913.059
"sp|P01834|IGKC_HUMAN",192959107.3,239710995.5,299112846.5,150893021.7,183381615.1,245827875.5,198701317.3,187949069.3,170631421.6,217079942.6,73526570.08,67775305.66,49203253.36,78316309.15,82033339.98,64647914.84,64234031.71,72064380.2,59368507.06,85635357.94,140001133.2,187792174.1,77815824.61,88455268.11,125630627.6,233672631.9,181293423.6,154447622.8,170700187.6,142341119.1,250108028.1,188534260.1,226524482.8,263543200.3,304206140.4,277136966.6,230835620.6,240579641.5,227950621.7,219746486.4
"sp|P01857|IGHG1_HUMAN",169666876.2,204627805.5,254136476.3,163041966.8,219923969.9,240740320.4,211112025.4,179058638.7,179280970.1,192987203.7,69734446.89,91196921.29,49094647.89,98302467.52,100980487.1,72715749.61,78864832.74,85372786.78,86393768.3,115130896.8,143994173.8,162892647.7,89638134.56,92129435.7,128058075.8,198883422.8,184342539.1,127231877.3,172994742.7,130504971.8,201798028.1,100472140.6,178934534.9,146402644.3,185353132.1,118277675.7,134490002.4,137820920.8,168820256.9,103344642.5
"sp|P01859|IGHG2_HUMAN",11296467.47,10608835.02,17302104.54,7449924.466,8502672.582,12499305.25,8115813.321,10658179.89,8467336.247,9493935.106,5060302.881,2773724.358,2486443.179,3045792.125,2842533.61,3122936.758,4142819.879,2716688.64,2890336.106,2887876.76,4666573.968,5033958.986,3437790.777,3808075.777,4058035.257,8429122.503,6349356.763,3199979.433,5617284.59,5250628.371,17662442.34,10409013.13,12396646,18991525.23,15533736.62,18288189.82,15178512.78,19159552.6,12043273.53,15294556.79
"sp|P01860|IGHG3_HUMAN",50376192.12,45187580.01,68414687.09,42374958.33,66251363.81,66751058.8,55119733.92,49305237.39,48599931,54734983.2,18427753.65,21613791.2,11230696.34,25271722.9,27116982.61,17839606.72,22366229.41,20122598.47,21429064.79,28767258.63,44267640.38,46468601.46,30485315.24,35001875.91,38361906.5,58161879.72,58786787.86,41079182.78,46953479.26,39447091.57,56681872.41,35505031.74,50830784.63,44946688.32,55504615.18,32059416.23,39039063.78,38978689.98,52475242.45,33330091.32
"sp|P01861|IGHG4_HUMAN",9857753.512,10020312.52,10210192.21,2116249.491,2919891.507,5555947.583,3722047.253,1656183.257,1608398.216,13876353.71,840364.5589,1161680.044,457302.256,885565.5432,1047135.333,804832.1038,978865.9755,812358.5382,791081.7559,938078.1323,2307580.208,2303374.486,975762.0592,809108.2882,3781411.504,8705845.974,1970405.839,1688414.278,3247351.024,2418656.601,4654931.659,11178659.27,9759477.457,1531391.976,4100081.796,20352395.47,21011268.27,4436957.51,2373862.25,5686699.208
"sp|P01871|IGHM_HUMAN",950394.8104,1175637.948,1598094.868,1062789.059,1033216.612,2404540.652,1273084.294,2757014.114,2089823.43,1566750.205,14823349.81,7141205.249,15174213.76,7006960.991,8376572.954,18128786.41,7416725.194,6200794.539,7910637.654,11269670.72,14228223.55,38078414.16,5408751.842,5528697.836,14583345.7,8456697.209,9016628.737,18458290.94,12005000.29,14600373.52,12413438.49,5963371.873,15714005.68,11358365.16,17865937.56,27873068.05,12626836.4,10621312.62,15040467.77,16740406.01
"sp|P01876|IGHA1_HUMAN",607165.9359,807137.707,581998.7106,495646.1211,654306.8559,594906.8031,472685.1811,668539.1247,487841.1917,859461.9212,6473433.313,6194509.169,5291098.002,7982706.815,7052116.917,5470663.439,3938283.799,2633528.92,2236839.187,7971291.567,11072124.65,19911727.38,6869428.331,7512446.12,9231637.68,27120526.71,16566218.68,6207711.651,25111823.89,11676201.95,31041850.28,32097322.72,46815718.56,32301201.82,61880519.56,27027262.78,33515234.61,43041390.13,25374532.21,37706699.96
"sp|P01877|IGHA2_HUMAN",53991.56866,69014.57861,78462.08641,94467.53396,96386.3546,71341.62817,58534.65954,60457.96464,90722.67971,67913.59489,295446.6477,193617.8232,188030.9145,168395.8777,145953.3402,304966.2249,129602.3439,121270.2176,68115.75893,167228.0037,338733.113,583623.6428,286208.6371,337628.896,326414.5684,343730.0826,616808.6659,292551.3364,1740742.242,568333.8164,2540748.486,1077045.151,2326694.547,513594.312,2136259.916,4002692.105,1934326.736,4264147.739,2239254.589,2364700.956
"sp|P01880|IGHD_HUMAN",127483.263,381723.8387,189230.2353,152875.3632,145934.3585,238864.8144,370904.1213,120317.2559,242868.9389,294649.9294,149693.7739,238996.4942,190113.8176,514402.3373,454823.6763,179684.1187,240230.9172,116422.3744,96287.69102,152397.2196,84511.43164,916021.2025,146669.6272,363359.6419,207341.4198,281774.6818,180697.3783,557148.6817,351930.3214,155116.5301,232950.6521,278625.3625,1962217.254,245138.071,1010600.006,169355.0137,668701.0837,241145.8421,1271025.293,271454.5119
"sp|P02452|CO1A1_HUMAN",184424.5069,148436.1086,114459.6032,157234.6054,100042.9063,207419.0009,79433.26416,130124.8632,146244.6496,189260.9286,108858.2115,78664.90375,122054.9259,114273.8318,136753.424,75638.10853,122203.8231,119363.2402,110464.1985,91966.59428,90423.20491,50537.12734,96348.61828,83536.58289,67055.60634,96936.44048,34382.41414,67750.45056,47210.96977,82612.67694,24608.71078,18374.93593,19621.14543,11047.69909,17190.06686,18769.31547,24314.65934,9815.611745,12052.15169,17895.85449
"sp|P02647|APOA1_HUMAN",188058968.4,240199900,179264062.8,158271409.3,149135807.5,191472377.2,213373138.1,224525346.4,206660517.9,252524852,327666005.5,245608740.4,280496413.4,275233986.3,324086619.8,297310622.7,238220586.5,291362829.8,281336246.5,236796754.6,253099223.9,280171351.4,270049774.9,279096429.9,242339949.6,256180511.3,245745498.8,282731761.7,301884639.2,237298803.5,273612157.5,253908873.9,264995738.3,272108830,342380198.6,289726303.5,294720784.8,256999815.1,276150583.8,263353342.6
"sp|P02649|APOE_HUMAN",13542483.12,19469142.01,13895201.33,8106330.696,10340986.27,22606423.39,7525394.438,25277813.17,13176001.97,21551504.73,6237508.328,6926544.332,6011324.757,5254988.43,7164394.634,9226898.545,7665035.907,6091744.128,6713590.226,6302526.312,7434972.104,9396427.345,7791106.545,8788421.414,7105799.447,6389111.297,9710016.686,9347612.937,7283602.924,9444001.544,6183308.534,4725518.127,4627260.823,6123756.929,5543116.292,6210904.708,5815978.409,6931777.347,3549600.277,4520082.576
"sp|P02652|APOA2_HUMAN",12648561.29,8314441.864,12920520.28,9051424.676,10650852.22,10664939.29,13402146.62,12369930.09,12492251.05,12641037.69,20375294.79,19169507.58,15508047.59,18819145,18229910.96,20942335.87,19887120.75,21743012.18,19507281.64,19260584.54,15481299.58,18136573.12,12243180.62,11994860.99,16961157.5,16220141.49,15751702.94,17302943.82,17139574.01,15808196.96,19165839.93,16901638.83,18974583.6,17727666.31,24643236.91,20007205.99,15754786.92,15723249.18,18107394.72,15712418.87
"sp|P02654|APOC1_HUMAN",1954149.609,4418656.835,723707.6034,3280787.629,2753986.57,4938440.648,1239795.597,6120450.014,3463201.301,3640675.874,4404994.831,3580416.068,4289697.103,4491688.332,5957941.202,6685007.957,4860504.596,4822596.927,5356148.978,1308900.919,5809079.351,6599382.47,6519111.434,6512573.094,5596600.522,1228017.186,6957265.139,6430165.842,1151657.689,4840841.261,3631578.396,5486598.248,1281939.462,5004803.763,5766954.884,6546769.307,1217475.384,6862744.534,3858678.378,5859975.511
"sp|P02655|APOC2_HUMAN",764632.3489,725430.5145,566582.5418,605310.7722,830236.5031,1049840.669,979035.2419,1941977.288,1238127.063,929549.5306,625263.7311,466532.6595,510974.1613,556327.2609,541096.5676,1054953.763,931456.1227,708529.7524,1462821.594,433094.3753,769186.1875,1035633.402,1096647.284,840900.0588,1114697.021,839229.4934,791922.7078,610054.8334,414990.6112,821880.8577,393929.3291,702985.6205,437136.843,649915.8423,949392.1599,919609.9799,418798.8658,1259596.428,397797.4934,685484.6801
"sp|P02656|APOC3_HUMAN",7036992.036,15422606.73,9428431.916,8553670.845,6015467.167,14449825.96,8459534.653,17540149.03,16590599.38,17737555.36,9831590.15,7525849.953,7005538.069,6332125.245,9214541.826,10870679.04,7140759.217,10254807.36,10130757.33,7136722.954,8157259.059,10534766.57,10497508.53,11046817.96,11941436.27,9002561.014,9197617.117,9075065.76,6658761.57,9112894.401,9242403.52,9052405.513,9863291.683,11309567.2,14233574.91,12835407.82,9242440.796,12365742.55,8142970.812,12419475.26
"sp|P02671|FIBA_HUMAN",126127631.3,166091997.9,146871283.7,161669373.9,109706063.6,134834232.8,123548068.5,195333506,147459131.8,141926235.9,96606483.19,78873235.05,109603331.9,78126514.04,97341935.61,96948316.5,104551988.4,98059328.35,93888678.4,86301406.2,160885199.6,127839943.6,119284667.2,126024727.7,113827582.4,136438140.2,130481871.4,133224142.2,124216545.7,137096342.9,132453204.6,135384888.2,168005618.9,99821935.67,106922752.8,123175491.7,108518820.8,136061761.2,100386197.1,130634072
"sp|P02675|FIBB_HUMAN",141258825.4,203191995.6,173255250,190158992,123770426.7,140530960,116707655.4,219097035.3,176780154.5,157109515,114373041.7,89006690.64,128771580,87249468.85,118212338.5,101918234,113854390.6,112685675.7,100457618.4,105756294.9,172013196.2,132436765.7,128960518.3,144535110,118647764.6,150433174.1,134636536.1,145512516.5,126580824.3,147542244.7,139229351.2,134615510.8,177319855.5,100366373.9,106338942.3,124402611,109079397.4,139498010,99279606.94,128494665.1
"sp|P02679|FIBG_HUMAN",109213136.4,142523969.3,120971291.5,146386169.3,94977256.96,106439371.4,109039978.4,167576516.8,129380048.2,128166696.1,84170458.89,65537701.2,91081246.09,70130272.32,83076035.34,81765014.54,88705164.36,81981515.85,77962508.2,73005256.74,139215445.5,110665703.3,102248340,106011947.2,95601447.67,114874386.4,109508416.7,110389993.4,108275341.7,113491547.4,108051490.3,110026898.8,135537289,79739120.62,83722747,104491568.3,94634623.59,114118077.4,80901951.14,105348968
"sp|P02743|SAMP_HUMAN",384562.5256,570577.1179,805720.6861,307021.2929,442599.5417,549876.6252,331892.1511,292538.8086,807037.8254,408180.9755,268270.8972,322135.3419,254883.2343,409711.7703,333921.7158,834653.031,336586.2228,348897.0426,291067.3709,539641.5921,902361.4146,654240.5183,610188.7357,543064.9067,1104209.711,794726.3798,622614.1855,754012.611,341063.1622,599542.2721,1080340.301,1309049.42,1656676.026,724251.7375,903953.5445,714146.6127,658353.8525,1480804.791,793680.6906,1682294.338
"sp|P02745|C1QA_HUMAN",47248.9707,23903.04236,59037.764,49115.34334,71044.32589,54061.82854,227900.2039,71725.78168,59190.29786,43376.76152,34785.56555,42624.7352,41929.91792,43857.6695,47368.6381,66336.22683,62289.18212,42472.40602,62682.46132,54371.80305,36830.39108,59527.45053,62843.34703,54861.70463,28272.93384,39645.93818,44969.1794,100402.4738,42469.614,74904.74181,69704.10034,60999.43524,84983.68671,74358.71154,55667.44888,59412.32494,60754.5419,58244.83254,38925.78145,204125.0458
"sp|P02746|C1QB_HUMAN",644673.9909,915045.1326,812281.3247,1025495.533,802522.0985,1437448.826,606881.4175,1153029.615,1030085.072,1014997.33,796005.7684,520145.2329,664443.5628,536982.363,705573.1532,736494.9361,767089.7864,744396.2,517342.8809,687705.0598,805638.4753,695122.2785,831025.5723,932880.9224,802893.9045,1028246.465,852949.9656,997285.7566,882976.6286,834023.9094,931802.4363,704929.406,1015595.207,903856.9896,835081.693,679795.9785,751891.3185,875793.4586,713199.6439,819773.4357
"sp|P02747|C1QC_HUMAN",1117860.885,1270335.806,1296955.495,1784917.888,1352299.073,2229226.272,1055311.349,1899297.12,1709693.354,1622504.887,1229805.023,834144.0405,989405.2365,1112265.241,1132724.512,1318818.956,1300146.01,1221033.11,965725.5426,1181449.42,1308570.548,1098192.159,1388231.405,1721880.825,1367056.832,1737663.931,1452060.042,1726498.527,1463287.404,1432201.435,1562604.155,1230461.852,1694616.616,1534154.721,1511042.464,1143742.366,1242152.783,1416906.057,1196370.758,1522724.106
"sp|P02748|CO9_HUMAN",925844.4536,1388417.061,1560451.598,1663634.262,562586.8094,673625.3275,1914220.092,1942641.943,692705.3461,1805099.023,1258722.691,2050221.634,1337198.223,1686373.505,1591791.814,2047284.471,2045998.845,1631858.396,2015945.536,1887297.842,3826907.4,2839090.556,2134944.487,2456811.142,3345400.269,3387194.249,2762717.43,3235092.243,2706924.428,3406253.566,2807294.113,3258361.244,4947342.378,2143023.624,1987305.425,2365538.029,2023328.078,2383074.39,2331901.957,3628131.934
"sp|P02749|APOH_HUMAN",7461492.245,9997266.71,10572245.38,10047133.87,4418341.793,5471812.522,6489617.145,4355021.399,11939295.55,10992864.17,13079400.31,7058332.944,12604422.67,6893215.264,10353216.96,7629793.165,9057447.07,10752734.29,10180411.92,8572277.269,8743361.897,9993482.519,10961248.65,12190537.05,11514757.96,12986270.78,5623572.789,10201845.85,9625228.075,10925056.54,6452409.118,8601063.698,11153896.65,9072189.818,10671035.79,8035090.811,8425925.743,12116892,10293237.15,10060578.78
"sp|P02750|A2GL_HUMAN",616562.5329,1069672.905,1453588.338,1222974.048,640199.4529,1202280.858,812945.6106,1026818.599,1081425.944,509081.7698,953853.6167,1173030.384,1333617.107,813062.0519,1584319.121,1275794.425,1267992.475,1133202.836,949574.2936,1600469.715,1553088.74,2728298.792,1837135.517,1910179.262,2929159.146,1962071.742,2099302.597,1952066.825,2573829.684,2914454.923,1192164.075,1426307.071,2946009.857,934201.8963,1523818.554,916583.2028,697556.3233,682039.0072,1087501.953,1765106.019
"sp|P02751|FINC_HUMAN",12660578.17,22651254.93,14151282.06,19277505.4,11493754.55,16618418.14,12786076.75,20555408.34,19809299.8,17504932.18,20560700.93,16400056.97,20666054.03,25703962.29,33021243.65,24485356.62,21693605.26,28711861.39,19865286.15,20253794.12,26844725.03,25217940.45,31160638.92,32817373.33,35127268.86,35183793.23,25792004.29,24016354.53,22534324.76,29098581.1,24991537.78,22311849.35,24131658.25,21938442.97,14495683.42,24110229.59,28428460.42,30513662.52,21700504.73,23618787.27
"sp|P02753|RET4_HUMAN",2150674.158,2259654.524,4136343.601,2058739.494,951664.4804,1698664.853,2518179.109,370899.0156,2583248.256,1226996.415,2054353.734,2026100.057,1321625.136,1364085.442,2065817.064,1699450.965,1882504.88,1780332.002,2367194.248,2603541.019,614412.4778,782521.3498,1231432.695,1372660.435,1965528.57,1469793.298,2740801.04,1707614.128,880395.0478,1438357.019,2279127.454,1930405.315,2616965.041,4035705.518,4368636.826,3804531.015,1833688.194,2080672.793,2518291.538,3972169.888
"sp|P02760|AMBP_HUMAN",3875519.433,5992732.773,5002099.828,4645072.949,3779011.385,5050449.736,4520283.634,5775830.884,5653282.716,5026385.137,4853483.907,3851108.826,4956177.811,4213730.583,4502299.659,5643605.368,6673882.154,5914819.477,4252712.441,4708900.049,4764193.248,4316412.889,4835709.407,5287814.899,5120101.692,5844338.62,4611228.331,5311724.82,6132955.523,6418916.967,5949388.384,4408500.959,5923204.656,4835547.216,7115256.262,4463581.359,4512396.545,4763665.17,4555110.146,8290595.643
"sp|P02763|A1AG1_HUMAN",16729172.96,28062602.3,48794298.69,33548237.29,24053737.4,32668400.01,40231837.88,42346720.39,36892900.71,18322381.46,37891125.69,44029897.36,41058463.12,19072153.85,25193183.2,42564191.57,48375614.34,25497647.41,24990684.02,72503768.46,60607740.47,67078405.98,71695448.44,76777505.92,55679126.05,63946315.33,97548080.12,75459368.73,47156381.21,86872298.89,35022873.3,53767950.22,59396825.33,46499376.85,24885528.58,34773197.49,23275040.77,37124306.86,36761956.36,43108461.78
"sp|P02765|FETUA_HUMAN",31060429.12,37973429.44,28754092.63,28215887.24,23206142.52,25785825.16,18854091.49,24020398.76,24339675.28,24254136.15,16034095.63,16602595.1,17583566.61,23016296.95,27279022.38,13717012.66,14085314.43,24346953.73,21337897.5,19525298.43,22988192.4,16371783.06,24912724.47,26010418.98,24107415.37,24421821.29,19108902.08,24465695.75,19042184.75,22815424.95,20822496.14,18530298.07,22336154.45,20671260.45,22603733.31,21233825.11,19071577.33,16448029.89,21048355.19,19772418.02
"sp|P02768|ALBU_HUMAN",3067776160,2261592654,2584903232,2615164743,3085699451,2659799022,3110168841,2401902876,2662617392,2786634197,2594384424,2946394748,2442285890,3065196752,2575375341,2788831455,2912328925,2819983333,3037875588,2736606907,2322491305,2322456220,2338978976,2172291526,2354926547,2221257096,2383579768,2181615577,2538699794,2355651173,2581098040,2917321724,2271167067,2794154366,2406151090,2758629496,3154322021,2795944641,3111598368,2704489756
"sp|P02771|FETA_HUMAN",12133419.28,6274191.971,3507622.252,849500.4976,1637874.232,1950062.658,2726639.291,3775345.524,3578895.395,6841043.121,284392.5844,735499.8369,484802.2399,991039.7454,374597.1869,670608.638,650964.7796,228364.6071,378161.4896,503255.6006,500782.2983,557422.9575,400106.815,235303.9281,426297.6311,649726.3006,391844.7056,328403.4855,651387.6603,342686.2786,433705.0262,391434.4447,565754.4952,436068.854,801522.7448,777679.748,458990.2565,290061.3535,544076.4445,427954.0282
"sp|P02774|VTDB_HUMAN",26725051.57,32920456.99,32603078.69,29688245.26,19462972.94,22625855.15,18577849.29,29818313.64,33658616.58,24817639.46,36426205.06,28944517.9,33932633.21,23820819.37,31815915.37,29767776.23,29745063.68,29882141.6,28003201.96,34435096.41,25986200.26,30213257.57,33945774.14,32914393.69,28792210.87,30977701.28,32245488.16,32116361.28,25158722.23,34061227.55,29306838.16,25558592.08,34220766.21,29652543.78,37844443.21,24563897.19,25182698.67,26543536.51,21424926.49,32453934.38
"sp|P02775|CXCL7_HUMAN",456822.0231,499143.8482,571729.4798,348950.2998,611661.7954,851454.3368,975387.6041,756442.4652,222589.5617,630636.9419,249429.6501,281523.6419,211750.823,544627.0416,186034.913,121084.0075,134658.3859,97683.97857,72600.57938,321184.3368,256579.0219,315800.0563,178284.8828,397483.3748,117542.3314,172275.647,212088.1558,185416.1746,193116.4736,192885.2943,501544.8207,203284.3496,711627.8005,756428.8058,614450.723,567994.1962,219337.25,375849.417,392004.873,250287.9524
"sp|P02787|TRFE_HUMAN",298096025,435443400.1,376121317.4,481858633,318600060.1,343231283.4,225904977.4,298215778.1,397220152.7,342124039.4,462009337.6,435223538.6,636130289.1,387635126.2,481953327.5,431704475.6,378137121.6,483876705.5,433296201.1,543504753.9,432738068.2,396388674.7,494938507.5,531457192.4,515953907.7,524349800.8,372856220.8,480509749.4,408116432.6,457776352.1,406604530.7,382139350.4,401482125.8,365567432.8,505518890.4,425271778.7,261000227.5,277207065.4,320464305.7,390934367.9
"sp|P02790|HEMO_HUMAN",22952525.5,42920251.35,37732220.36,22123145.38,29756127.54,30202356.8,26292403.95,28953762.93,31665121.91,32037436.62,84298114.06,79406273.99,76500200.08,57218734.56,72292377.23,88073692.83,61773928.93,72066709.53,74384542.48,80483459.69,78782900.22,86986358.97,85890571.21,93166777.33,76483792.87,77532415.01,93477736.09,95587157.4,70225535.09,89569769.8,75250195.52,60517247.72,81658448.84,68516068.95,81903376.02,68507680.04,52513972.12,70543853.38,62019550.7,85165412.88
"sp|P03952|KLKB1_HUMAN",633139.5305,1221332.564,729604.1157,953396.019,604108.9183,984846.2441,601883.8805,1151761.191,1121073.753,1054757.457,2302014.566,1227562.877,2107182.314,1518592.756,2175212.109,1899860.251,1301822.117,1581413.802,1107794.74,2108724.455,1951272.901,1842150.705,1672824.035,2027726.721,2056167.896,1401407.277,2126146.187,2391113.519,1727851.175,2042841.267,1662274.29,1633913.909,1327078.574,1358313.643,2067634.929,1728595.108,1287822.377,1672097.306,1295885.228,1716671.959
"sp|P04003|C4BPA_HUMAN",801214.2011,4317149.732,3373903.725,3028557.873,4887055.635,1898247.4,1820397.209,2312117.901,3432372.806,3090911.942,8266140.094,9746309.457,10940837.97,6242810.246,8424361.673,9263381.221,9463467.907,9004526.461,5535120.789,7196844.061,13841526.86,13234931.9,10780009.84,10589508.63,10452897.98,10169193.34,12319414.27,11487243.37,11728989.13,13054678.5,9035426.168,8436056.778,7202370.887,8349876.295,6248269.272,10272544.79,7434239.062,10015639.53,6474800.296,8771746.164
"sp|P04004|VTNC_HUMAN",7613675.061,10716429.68,8688752.614,8979718.105,6488087.841,8563911.734,5774542.848,7951051.636,12054105.6,8153230.315,14401958.89,9758648.709,12307154.36,9393020.361,13734133.73,9892750.099,9376767.24,11268532.32,8503957.316,10586079.15,12249917.23,12343289.1,13342149.17,14775917.24,14201671.51,12607361.96,12628775.68,14478843.06,10621798.59,14076998.24,11926415.55,8399763.009,18405416.11,7948159.389,16869259.26,11990812.24,8032585.874,9880073.494,9112459.533,11617353.59
"sp|P04114|APOB_HUMAN",23132392.23,33253323.13,25016230.46,24606631.83,21871446.45,42655980.85,18466450.18,49020681.05,26954209.66,27227287.27,50514847.1,28743658.17,39858213.1,42965750.02,53666646.57,47649310.31,49994897.06,36607257.57,28355017.11,32755442.69,32601201.48,34864188.31,45179545.24,48921465.9,43415886.18,32453889.56,41648270.51,37568761.02,24282425.35,36990399.36,29991699.6,25027231.3,31740012.59,40105930.16,32094611.44,24150239.46,24809394.06,46161245.97,20010399.9,34258071.06
"sp|P04196|HRG_HUMAN",807953.8166,915019.9332,1411030.069,2945646.992,1680492.854,2962238.327,2897423.769,2394508.126,2115191.675,3325878.19,5885689.398,4681788.166,5184011.21,6872974.998,7903375.626,8362191.61,5013771.702,9198103.362,6933279.27,6460575.661,12697213.64,9905668.964,8151402.358,9334335.645,10085495.5,9220567.021,12624358.49,8744473.087,11409420.38,7858559.433,9268789.531,10355300.99,5547214.189,7933349.49,4725704.177,3410619.699,8400181.137,7089343.308,7222528.15,8209913.175
"sp|P04207|KV308_HUMAN",1225411.591,2221980.744,1751620.384,1124133.329,932442.1937,1838016.319,401524.3958,1235710.761,1287459.341,1068937.078,1384278.646,848017.9887,866693.0897,576457.08,1000579.695,776719.7262,739877.9079,740641.3649,570058.7631,879530.317,1952348.958,3408742.513,734034.516,2124338.17,643634.3445,1024193.655,1046065.046,4003215.701,1088519.784,2502035.104,716939.4883,659446.145,3502074.548,2016756.227,1305081.645,1050216.495,913270.2802,1066632.045,968174.0569,654023.8739
"sp|P04208|LV106_HUMAN",1473070.904,1997188.263,1536540.012,1677267.876,2006365.461,1701546.791,1896715.759,2136915.979,2393783.745,1598772.829,984786.3058,1091636.879,682764.7168,1291909.619,1278326.021,1213707.097,1141944,444045.237,1066211.062,1902960.704,1349115.906,2165601.194,1220283.821,1436659.241,1675349.888,2634670.854,2073009.176,1265537.045,1591424.541,1861542.813,2420171.417,915499.3913,1735502.402,1706918.538,1909908.296,1913825.151,1643890.176,2109333.621,1850188.035,1373972.07
"sp|P04217|A1BG_HUMAN",6203309.12,9214803.156,9999798.175,10978607.82,8376766.862,6646520.7,8011943.08,8576768.246,9003470.524,7770518.137,17948447.57,11783758.48,16383698.47,14033055.9,16752061.17,16907990.29,13862538.52,16665580.45,11950750.8,18214976.9,16784644.79,20193854.68,11184436.2,11524004.87,22246569.26,18948467.75,17479489.62,21659660.82,19886887.07,22402579.47,11445445.53,14818275.61,19576697.54,11227355.16,21285370.74,13092928.63,9485223.425,12735680.1,11730024.36,16966974.02
"sp|P04220|MUCB_HUMAN",92702.84956,122250.1714,234741.8678,123507.4884,145342.3748,235609.3766,179834.7122,304549.4439,108141.3068,120943.8175,1511526.752,1054297.892,1608536.669,1029233.141,837634.9649,2687606.106,1111757.661,625901.2822,1333041.308,1572485.953,1444133.05,3976209.431,600389.7891,482747.4094,1365129.872,998952.5465,997243.3519,1441222.567,1341103.956,1455136.974,1520450.558,857607.1398,1849522.609,1488900.589,2195472.833,3878976.882,1745665.241,1464853.065,2153561.89,2250556.749
"sp|P04278|SHBG_HUMAN",43845.06408,63166.20253,56907.1466,68857.82469,25271.75039,47512.82776,105267.7272,83043.94604,72155.03129,49998.12122,386082.934,163084.0183,320490.0752,259722.9982,288539.0206,320005.8085,217894.1482,180508.4519,261718.3687,316558.7544,180275.4742,242394.5073,270181.8068,285817.5913,261424.1985,145660.665,237996.971,299686.0574,319703.983,210645.2104,86393.99078,83374.27753,296424.2862,55303.60575,548451.7389,61355.69966,21680.64042,37850.05656,55527.2795,178271.9649
"sp|P04430|KV122_HUMAN",273001.4821,255559.7321,591564.501,254535.8977,554857.804,566438.389,238540.3677,1113145.494,168766.9884,495469.1322,158286.3219,20978.29433,232960.3665,229739.2484,251899.7075,173158.1393,199168.7304,33727.08743,7615.520987,61785.8582,80415.15675,317592.1109,443931.0746,621857.8561,91170.3289,349173.8183,136038.2306,133589.3588,183302.3872,136527.4223,503292.6369,261931.2248,391296.1674,273002.7106,376419.4695,399027.6801,518403.1986,222661.2116,676062.8053,213479.4223
"sp|P04433|KV309_HUMAN",3042320.445,4347103.681,4221506.027,3308451.082,2611217.327,4061044.24,2144962.695,3199575.698,3517105.923,2992762.606,2851850.067,1528077.637,1906170.173,2561276.556,3198054.487,2052189.203,1682941.968,2375612.35,1671620.584,2673592.155,3514736.498,4360449.684,2051312.603,2291318.147,3298535.852,5205916.33,4062964.635,4547145.002,3721370.576,3407079.485,6995511.691,2832226.206,4465433.189,4718196.096,6650647.504,3186434.823,2645820.554,2773509.308,3169695.914,2249065.76
"sp|P04438|HV208_HUMAN",209249.958,2058523.39,1407310.824,806210.7259,467852.9061,546615.3149,589877.2269,647075.5122,713724.4386,846154.2655,397470.2271,333789.5092,8753.455965,291725.8833,503351.7014,7807.193853,180935.7209,5352.601411,295019.268,7654.884166,897244.9636,933772.3487,246144.4218,408437.5022,431977.281,542084.5104,289040.0387,189451.5893,9580.4707,1031558.149,635488.1989,1007533.607,12758.18773,6894.900875,640337.4287,802670.2481,644736.5493,898128.0023,277836.2633,118410.4762
"sp|P05090|APOD_HUMAN",2469611.109,2790434.297,2627433.902,2304757.288,2024706.668,3051221.121,2944536.993,5515406.839,2898492.477,3884394.929,3571125.53,3335792.578,2492043.723,3078283.442,3074237.077,3330929.949,1685773.601,2988145.272,1567927.932,2546113.751,2327546.831,4176115.299,3527182.41,4540530.952,2368388.615,3339067.771,2532629.846,1777933.987,2312471.127,2663152.429,5151460.938,3624637.557,4382606.68,4130938.861,5414637.484,4487765.587,5034268.15,4150229.513,4917999.322,2878424.873
"sp|P05155|IC1_HUMAN",9300935.502,12619315.74,9101058.225,13833120.55,6300384.826,12101763.43,10226324.08,15505495.3,16045113.5,11725916.66,20055798.44,18998811.54,25128227.92,12806227.84,16635925.76,21274783.44,18362272.02,17220157.93,18769340.46,17582395.76,21471699.15,24037945.86,22652903.38,21041665.7,18916784.07,16251392.79,22452504.65,22582036.41,20072573.62,24954007.61,16972118.71,14894359.52,15297924.66,10641178.94,11690489.7,11519247.84,14329445.9,12320588.7,12694087.71,14360463.71
"sp|P05156|CFAI_HUMAN",250690.5117,365855.5019,309280.7408,339688.8162,276656.1271,328236.1617,230090.1455,395642.9972,345551.296,260709.687,331197.8429,359273.0046,418807.6154,229212.4799,397081.7844,363544.9205,293916.4761,327048.7438,294319.7089,363766.4611,411979.5854,427619.7879,471066.1883,533238.4279,493579.2549,409798.122,432292.8114,564184.6874,412651.0288,545501.4934,401650.0424,354223.1393,402771.6852,338703.2598,284222.7959,353301.4674,285622.5178,435812.1321,324218.5991,403204.7059
"sp|P05452|TETN_HUMAN",234627.3016,355165.3944,214658.3675,299548.7387,168820.5614,365874.9275,209736.3444,222832.434,307833.566,394610.8311,374591.3383,313409.8763,337005.7559,282858.7523,370859.8011,295736.9682,335800.7146,452783.8908,367823.8475,299404.7799,427498.4426,391727.7078,370577.5033,443058.6275,389654.3804,421262.4853,391949.0954,568190.6249,446590.2089,551949.9712,345922.4574,313013.6176,270307.3682,310020.7022,273283.8951,251460.6238,323704.3939,274982.3599,301638.3393,250294.4789
"sp|P05543|THBG_HUMAN",1069421.995,1170076.196,853736.2203,1489236.993,1174592.3,865307.0857,547961.1865,1357580.987,923543.6644,861219.9913,1217005.317,849296.1259,1212962.432,798737.5687,954751.6124,1003257.504,790983.129,962752.889,972872.3956,1136248.262,1063051.86,950545.2525,1212749.636,1302120.091,918477.2055,1039757.211,1016804.156,1240743.275,977737.891,886093.1854,791454.9677,524688.1987,1370321.814,516886.8962,1568973.065,484162.8072,548629.7926,338647.7391,530942.4879,967658.5197
"sp|P05546|HEP2_HUMAN",1426929.599,2209479.874,1882510.829,2275134.639,1497213.895,2278830.202,2002278.494,2238831.408,2216659.9,1760059.298,5643740.935,5141343.819,4830666.304,4066862.122,4715803.939,5449112.538,5472234.9,3721174.588,4439124.754,5982517.241,4819714.341,5890776.94,6218776.498,6245296.285,4921420.699,4044986.812,5351169.877,6084510.49,3755535.463,4859372.551,4676839.27,3349231.207,4872901.012,4426366.677,3875168.305,4638267.086,2711594.953,4408148.809,2388608.446,4980052.499
"sp|P06309|KV205_HUMAN",5627087.865,7982210.804,8386860.708,5071617.794,4372110.929,6203316.425,5879877.451,6275378.552,7874539.699,6899991.306,4021014.256,2516058.659,1983543.923,3630114.151,4499323.237,2959155.6,3018592.802,3491738.668,2592738.475,4238031.152,5954623.025,6440356.461,3799637.989,4349894.177,5539914.756,8856840.957,7619778.09,6572845.021,6695227.157,5168907.301,8446815.885,5262892.137,6813629.688,8994423.574,14970895.54,7514850.757,6117465.555,8379953.112,6198897.329,7996062.663
"sp|P06311|KV311_HUMAN",39790.92853,35283.94511,71327.12641,4629.077546,135565.2391,57864.38181,70366.08805,52596.0092,6702.512569,76631.69326,19474.7211,13879.26979,4861.531192,9940.249342,8529.640001,2691.621335,11038.64878,40247.55223,14665.87653,16161.81596,63384.53116,28328.35401,29596.51732,18757.38733,31156.37083,9454.915464,57186.02787,28522.86517,49126.2323,12976.66852,45124.89791,47557.59188,70615.81208,136460.8101,93294.63432,179183.7421,76206.73597,64948.40666,67496.4516,67641.67953
"sp|P06314|KV404_HUMAN",2276621.334,2264015.421,3148761.983,1468966.284,1617315.818,1494757.637,2329940.324,1945062.546,2305973.497,1482070.597,1043521.517,1319540.567,672095.3237,1580197.88,1732343.3,1479334.87,948566.8514,1056415.559,1353403.609,1976703.663,1602499.715,2017652.425,1149171.375,1218524.587,1457445.606,2281216.722,1568191.543,1308209.747,1874896.329,1528371.401,2988930.268,2604301.619,2372208.668,3375769.96,3884394.213,3221549.9,2727673.057,2764523.177,2363115.873,2532864.808
"sp|P06319|LV605_HUMAN",111929.8066,87524.93013,108149.8887,112698.9987,222240.6061,160095.4557,125373.792,119494.0045,147724.7037,101769.8404,192614.0803,196780.7003,95489.09284,266865.6691,226347.9993,254284.6545,144304.7356,98702.75462,184350.7328,301349.8898,137794.0735,191326.4439,171964.8582,149522.8804,160011.3998,134632.4221,203317.1266,80745.8553,131806.693,171814.6894,165041.5326,8041.21706,144112.0864,108868.3651,173520.1417,161756.1737,47161.02786,74031.03901,71664.24351,232935.2532
"sp|P06331|HV209_HUMAN",634728.5299,1053238.98,1256047.737,962065.2313,869810.0767,855474.8444,885774.8191,1026271.196,1080759.449,656138.2234,1939391.718,1178432.243,1243865.272,1403466.046,1599374.826,1455227.025,966941.9207,1172406.454,1406230.447,2655285.537,738393.6148,2339789.874,1105456.671,1491713.313,1593668.858,1020163.776,1750376.224,1783358.534,1093149.345,1080247.273,1087287.902,699077.4832,1238036.577,1024987.707,1447679.988,787571.7182,1100194.246,872038.3934,893048.9479,723632.3117
"sp|P06396|GELS_HUMAN",4546828.78,6036973.99,4751429.055,5236115.192,3382789.016,5729376.768,3973602.296,5125354.867,4980700.653,6731172.844,5338516.228,4200146.018,5040066.833,3675006.393,5139999.852,4028702.004,4039974.095,4577054.182,3535302.862,4249271.041,4891691.385,4474896.055,5279029.689,5256087.284,4133640.839,5725562.984,4961877.586,5673648.622,5215757.184,5919406.189,6029594.516,4661142.795,4908095.818,5413563.114,5148861.896,3862621.277,6334808.627,4986290.515,5438018.166,4745704.789
"sp|P06727|APOA4_HUMAN",16304416.4,12134103.29,9310951.464,7241732.299,3554287.406,14055825.52,7669199.441,18454749.72,13452929.64,13290027.66,23696993.43,21480995.28,28557381.42,14907644.48,21706670.7,10928992.58,16833251.92,18484290.06,20354287.61,13001391.34,12195846.82,10279010.1,20762339.37,17636837.65,9063840.925,15453250.54,11465544.36,20130656.1,17005581.21,16179089.41,13459799.68,8997607.032,10307858.34,10106209.95,11974829.7,11337061.71,14165723.57,8870810.393,16247294.8,7090034.528
"sp|P06889|LV405_HUMAN",147327.0447,286028.937,196705.9513,102467.488,108895.7382,118590.6748,148966.9265,230412.9015,208927.4703,169227.7152,689215.2606,416327.1583,597483.3914,366691.7318,542806.2483,416563.6771,508437.3275,591923.3553,330489.3653,700178.2811,333038.3517,414556.2125,529292.9017,564756.5994,370339.1912,223466.723,386620.9988,274555.9697,390507.5161,286478.3542,227806.8068,132951.8743,267460.5726,102723.1868,240070.7849,52396.57429,66119.83173,149162.7367,152546.6849,26253.01949
"sp|P07225|PROS_HUMAN",166942.1785,217491.7418,268339.1128,211644.844,331728.9032,183682.0529,247654.3797,314432.682,274731.033,259034.2504,545198.8277,655231.2066,464132.7995,520771.4521,446773.9536,702978.3839,601200.9602,545745.6731,558190.174,625398.0249,664052.776,704119.7039,556755.0134,584615.5325,556312.9468,567301.5654,633285.5039,506427.0859,630972.7686,683797.4301,638585.7529,684415.9566,538348.4569,636220.1697,420083.2131,575557.4122,504629.932,614994.8277,505821.4505,668508.8439
"sp|P07357|CO8A_HUMAN",43206.27633,28400.3697,16057.89998,49849.30534,56057.20823,11072.64657,37985.2781,86137.18334,52833.88183,77390.87157,111574.8557,112049.51,101519.4804,116668.9398,109885.6241,73604.84324,101956.3017,79895.50049,108724.1102,117274.6184,100351.5471,122965.6888,127492.5753,125131.5874,108333.4767,103835.1731,68270.25858,98926.43357,30618.63625,99065.14535,67964.10727,115662.6385,113761.4217,69901.75265,55679.91338,91364.04445,84356.12622,90386.91025,86813.06395,112977.8238
"sp|P07358|CO8B_HUMAN",335096.8558,530920.7939,380717.0599,359229.8671,434811.483,430305.5005,581241.6529,530971.5797,347147.9127,369677.3894,713149.1005,764333.7782,584808.154,784748.2165,775619.4558,931451.9136,681407.7996,645822.4125,739434.5591,1025665.203,909333.7827,859681.2407,1003414.481,1127849.459,941442.5864,1111078.056,729366.4814,1034845.629,955967.9249,873193.258,578659.6387,1198142.417,745477.4764,863982.5942,694131.6991,870859.6577,859635.1844,924484.4348,862914.4044,1245227.408
"sp|P07360|CO8G_HUMAN",163702.7184,325452.0935,351980.7988,287473.104,220953.9418,202145.9792,302484.5108,481665.2017,430306.3535,292095.3969,660880.4724,541116.5456,708072.4014,596674.2741,802560.7949,471621.3312,482134.2809,412401.018,353707.9566,624916.2023,742843.4251,771722.4157,876375.0623,1027187.646,749869.5646,777381.0574,687747.808,1049247.238,614187.6078,686865.8983,581491.0771,736363.4561,919498.9213,658776.2811,640608.6598,563241.1261,546978.8182,568417.6899,502352.7038,827506.8265
"sp|P07951|TPM2_HUMAN",52970.1971,27830.91646,17054.1433,20658.67178,38926.47091,32593.14543,186755.1724,15039.30537,8268.994992,118641.1167,18287.97664,15830.26387,23948.80305,17404.55905,3646.587845,23321.52825,8965.293867,9132.661463,27472.8677,21211.39475,132555.1331,325163.8004,45870.41444,580196.2207,30775.61776,30137.71837,395857.7244,21564.91777,68924.68666,361100.3512,514911.6787,54648.03326,404546.7953,430486.7262,645118.8778,398063.4784,146005.7155,337811.6125,399141.3678,487418.8839
"sp|P07996|TSP1_HUMAN",42395.61722,50874.40541,31770.75856,15022.43214,65215.71903,86111.69495,35074.74437,61046.32161,5780.971547,65342.99983,17190.35129,12298.70178,4389.47344,27661.06292,7321.337279,11552.3534,11064.2907,14387.92582,11683.46899,17225.78719,10677.49792,20231.51536,11550.30147,23204.84971,7871.956202,22402.61213,30486.51968,14568.23048,11211.25167,19568.29313,30292.38646,23691.39583,43279.24429,10905.35145,32784.68407,24203.59726,17072.40053,4676.464144,17796.46237,12977.46391
"sp|P08185|CBG_HUMAN",918491.5997,582791.0306,1004053.64,787204.583,702006.8243,1074115.701,654447.9159,836549.4531,1024115.319,1054209.928,1186296.014,1412571.118,1556887.13,852812.9206,1093685.755,1089986.353,984644.2738,1348707.539,1038443.341,1326567.787,988703.9596,1193474.582,1322449.115,1334669.177,1245877.784,1122928.72,1217736.314,1161075.831,1308514.123,1240794.753,962365.3025,950573.7268,1886967.604,1136256.039,2073769.515,966944.4679,1019173.661,855355.4137,943943.4941,1065462.893
"sp|P08603|CFAH_HUMAN",11033998.51,15326519.98,10853589.89,13629556.12,10060038.31,13575680.03,9531381.587,14673531.41,13695085.37,14178765.03,16401753.52,13532156.45,17291165.24,11989884.33,14564141.78,15315061.88,15980802.35,15280186.85,14366648.33,12593327.31,19051868.14,18432600.93,20628415.39,21413361.49,16745229.27,18228166.63,18620665.79,19870282.76,16985025.6,19362520.8,15698658.8,14973684.02,19539620.63,14572869.79,13365129.19,17471880.49,10535953.64,15156654.27,11223713.26,18468092.92
"sp|P08697|A2AP_HUMAN",3128177.789,4085870.454,4421451.154,4238419.631,3106101.85,5148254.09,2670207.384,5112817.137,6271688.295,6028577.549,6428365.532,3124979.076,6567404.353,4962031.316,7297469.041,5089017.7,3682717.418,5017022.577,4023558.764,5757206.725,4394433.882,3715228.052,4288282.706,4713333.696,4572741.218,3974741.349,5416746.587,6506731.656,3858204.702,5710642.16,3755486.239,3259762.51,3850737.542,2871829.7,4441300.159,2487185.436,3190148.541,2469868.837,2619149.465,2987235.031
"sp|P09871|C1S_HUMAN",1016339.733,1207234.662,1168462.936,1308587.6,1303794.553,1823161.062,969530.8047,1682729.882,1597362.764,1360928.882,995978.4039,1042316.801,1102338.577,1359459.309,1529394.427,1774175.042,1473654.174,1048781.57,1631645.164,1242897.161,1487955.895,1579301.25,1903340.611,1729898.019,1887482.444,1661752.751,1439946.966,1700938.135,1706000.417,1605673.278,1236171.249,1238613.298,1831736.356,1463332.809,1113787.984,1193515.755,1180745.864,1220136.437,1179464.764,1560044.758
"sp|P0C0L4|CO4A_HUMAN",1791689.201,1402075.362,1433124.2,1574436.253,1194691.083,1588813.534,1974188.909,2078219.754,2447523.065,1294825.469,522973.2725,900012.1703,1365400.948,1055870.412,1253091.951,1770965.482,2590665.011,1007196.889,1147671.038,1210543.777,3534077.768,2561967.622,1773957.387,1677274.274,2699046.824,1523811.13,2249678.773,3694694.193,2284363.139,3766320.874,2087130.233,1938089.209,2612897.327,1053154.948,1586300.571,3368326.347,1979806.52,2699001.307,1774010.847,3287372.491
"sp|P0C0L5|CO4B_HUMAN",929295.3897,1249103.888,793109.0326,762691.136,465014.0066,982221.5472,547307.172,1016588.107,1151846.363,866595.2646,531767.9458,800776.836,1367975.217,294224.5849,591511.5791,962906.0455,1024098.247,816357.0713,392335.3622,625435.1487,1238953.205,908584.4963,1258487.259,1198892.519,1015227.71,1010318.252,661235.5966,1114561.469,852051.527,1484930.179,907010.5622,862838.0318,1016450.397,962878.8539,735874.61,1209371.451,756966.4041,1087168.518,595655.3419,717594.7695
"sp|P0CG06|LAC3_HUMAN",72350.95891,146500.7283,97509.54246,59752.15394,74775.37745,75789.64373,90175.17089,100928.9748,47877.54845,98004.40734,34829.85463,25762.77267,20283.00882,25213.44372,29922.51147,28253.26161,27926.44242,18317.21973,25658.0983,37626.96477,55090.22089,76398.66794,36348.51181,58832.84485,68866.69363,101176.4634,85474.49406,52860.6941,77708.66459,57896.14171,107040.625,53456.75085,118385.1968,60121.37806,81175.62119,91534.53027,71996.98207,92865.44164,72228.43727,70881.65534
"sp|P0DJI8|SAA1_HUMAN",669786.378,515866.4512,2275115.927,162554.0758,261554.5336,212658.5555,573907.3632,498692.48,176180.9338,76889.41198,88507.4451,79622.92379,24683.62041,87900.98546,128689.0679,176484.5893,114311.6615,153588.4732,102671.3778,117756.8518,669712.9881,116477.0269,39770.3377,58536.5695,356580.8429,126054.4384,57750.01283,81133.63685,120826.9426,488640.0294,112180.7167,452685.5223,6152129.413,131450.9897,359279.5057,292288.9834,126278.1944,84880.92671,545902.6512,153234.0937
"sp|P10643|CO7_HUMAN",858839.2074,1436986.615,916715.5167,1315217.692,851958.7938,1244705.793,577844.4443,1188261.072,1168081.476,986540.6244,1079268.75,732854.1449,1217631.472,812402.0171,1120743.256,974077.9369,580706.9183,793239.0959,730183.7115,764104.7606,919725.142,1144614.04,1033654.769,1257241.473,931738.9594,742552.6116,749247.5592,695814.283,863906.8829,1003072.324,832781.8204,478635.0919,678653.9095,508173.5262,631199.5155,467507.8092,497155.8581,642596.7774,597211.9581,501764.9597
"sp|P10909|CLUS_HUMAN",5946558.724,8663590.606,8307421.379,9696977.569,7381487.988,6918889.468,5767939.247,8366367.923,10772582.25,8595925.274,11508266.12,11525642.54,11464075.47,10366114.21,13073491.05,11991741.03,12242664.82,11496319.55,11796143.48,10321187.32,15575067.91,13718842.32,13152777.88,13290985.51,14353769.08,14489039.98,16103066.08,15565957.96,12629896.9,17031769.59,13761719.85,12246719.36,15413592.93,12119351.07,14384733.4,12083232.86,13165103.12,11923407.17,11160520.16,13806170.21
"sp|P13671|CO6_HUMAN",634059.9854,865240.5875,857948.7505,1000336.225,571314.2646,971070.939,734876.3544,1162402.609,1201566.609,571741.9835,1022331.624,975145.9399,1108397.266,1003346.252,1284196.703,1329479.034,1180265.011,1071947.842,1300232.938,987465.8035,1146933.523,1387386.305,1461215.343,1607908.964,1758474.748,1528146.903,1434640.086,1643684.928,1354246.688,1784669.767,886926.3744,906091.8417,1374330.33,833963.1884,1031617.722,879885.2645,649579.8303,769981.0049,646818.5094,937965.3337
"sp|P18136|KV313_HUMAN",9918397.787,13565946.29,15448928.64,10084325.53,9436123.695,14690892.77,11654939.75,12569947.36,14197932.71,11900260.32,9763516.655,8689540.408,7337342.405,11168860.5,11527271.4,7823662.57,6948793.009,7276026.236,7316691.095,10289501.68,10997221.37,17178016.5,7216975.206,8854665.801,10565128.16,16401198.26,14186170.28,12992679.46,13473993.91,12159580.16,14590260.02,9105014.794,15953541.95,15812114.71,24393427.33,15102174.61,13216851.43,12860476.72,10676443.48,11010808.93
"sp|P18428|LBP_HUMAN",1078322.198,826519.5614,1119473.24,710368.9289,639553.7053,823665.3494,887775.6665,1032197.861,814771.9791,467346.7717,334612.383,294357.6069,472097.6543,215550.2035,453594.8575,302515.2405,278032.9592,270283.7983,182376.8083,413098.4908,434959.7514,364024.4764,376838.0508,425072.0458,840002.2252,494811.7363,248112.9199,479886.9728,418818.5895,451805.5306,347558.6094,402258.8728,1696316.959,368648.4006,624851.2209,410276.1479,353772.5364,341834.1525,431192.8928,568495.4882
"sp|P19652|A1AG2_HUMAN",2811245.503,4408576.821,3765087.544,5565304.334,3481723.542,3865613.359,4436282.727,5410924.658,2268994.465,3503906.081,9222769.86,12509414.19,8881521.704,6641539.247,8293790.606,10638165.37,10803403.57,7939876.36,8959627.754,13481232.33,10695808.52,12221225.62,6077914.934,5754948.052,10262345.63,6996813.373,11359868.25,8360615.703,10142251.03,14002574.38,9078650.192,10513437.64,9765200.981,10005216.92,6296621.136,9145735.719,5119773.868,7548144.173,9106159.121,8648521.348
"sp|P19823|ITIH2_HUMAN",12183869.11,18422773.1,12479576.23,16076355.72,12388853.7,15180920.23,8887143.01,16083650.31,16595087.84,16901140.1,21660301.51,10770373.85,17321048.07,16998228.94,20876565.44,15772395.72,13392398.68,18092079.06,14893681.08,15991796.8,17648515.38,17166939.78,19342987.96,20408450.79,18830031.38,20414728.05,14798563.51,18383730.88,17318988.4,19647026.96,16321540.37,14277935.05,19093778.12,13920719.11,15434049.53,15158316.83,14907877.82,14797490.24,13688528.26,15601351.31
"sp|P19827|ITIH1_HUMAN",7995364.94,9202307.962,10419016.57,9785888.807,9189117.033,6024597.654,7042771.827,10662031.99,10201641.62,9309766.917,13434711.38,7275676.892,13456139.63,10003713.8,11449998.01,12513463.65,10211771,12672573.34,11089233.78,10522171.32,11824652.49,12934106.74,11980884.38,11649480.94,11591084.24,12388466.66,8823660.896,12994609.71,12278240.06,13914165.43,10868741.95,15392512.28,14091041.67,10787781.73,12447657.55,14521053.08,10057008.44,13654239.74,10257303.89,12928316.15
"sp|P22792|CPN2_HUMAN",424414.7382,760087.9177,931491.7738,743971.5484,506823.2401,850733.4027,550538.3873,1017528.765,947128.5229,732405.2567,1064829.807,721460.0598,1234078.845,683787.3773,914119.9281,1051603.882,839805.3526,895798.9464,761929.2753,895843.1828,1253798.819,1154331.747,1431709.843,1592317.163,1166510.876,1193168.822,1049253.77,1284250.868,1117454.438,1320272.588,907026.1232,629699.0963,804642.7206,687879.5183,889006.3,720728.3702,670656.2353,813927.0608,635478.0381,875421.1906
"sp|P23142|FBLN1_HUMAN",338848.844,1158253.556,227153.9661,339514.4079,218151.5899,670457.4913,166853.7668,292268.2257,328317.222,1052122.646,742115.3525,106396.1711,163315.1645,153562.0647,857960.764,175060.5107,234882.581,268949.2071,183826.576,142263.8747,200704.8733,128130.2273,864626.1023,841254.143,226215.2053,882680.0059,206005.1547,919678.0434,417322.3751,244165.8137,150579.8117,170908.5013,912073.3223,164566.4388,173294.2193,203694.0597,177877.2051,202895.482,189249.2623,204488.2434
"sp|P25311|ZA2G_HUMAN",3942287.207,5720891.587,5550097.738,5289269.128,2948245.993,6260703.232,5438668.312,6563022.152,8771899.195,6832565.02,6199912.044,5898077.986,7108881.452,4646567.52,6403354.028,5685958.026,5450414.433,5162487.559,5406593.712,4988499.119,5600728.564,5686303.025,6700652.521,7010045.166,5337793.064,7834095.336,7415554.828,6934471.702,6041118.46,8437121.116,7303909.369,5549958.606,7336731.538,6769696.026,7138449.393,4639798.291,7088414.641,6166230.92,7440643.533,6700232.625
"sp|P27169|PON1_HUMAN",2301396.464,1173938.703,2189255.982,1976856.24,2468470.701,2741536.428,1817128.88,1178496.785,2167873.968,1760542.365,5228490.83,3723210.877,5035391.369,4915414.73,6050221.722,5742675.347,3874151.159,5352460.945,5056527.788,2832315.294,4600443.953,6644365.99,4951714.107,5028485.452,4447675.489,4947727.875,5989689.729,7301232.616,4646837.479,3898191.478,4677790.801,2998614.859,4942291.136,5092833.654,8105598.987,4912644.021,4473109.679,4950325.848,3251575.228,5543901.099
"sp|P29622|KAIN_HUMAN",151080.1973,253686.0023,72101.70218,243348.2648,61759.85214,92732.31565,95262.45567,65146.39041,113165.4232,86915.25436,119542.7868,70772.1489,113635.9632,323424.6,173378.7085,181684.0848,65743.87557,86319.71435,120243.7756,84957.36442,116987.9617,52450.79646,142309.246,247548.2465,96906.06029,145343.6086,85007.26641,61128.91073,87642.0244,97231.63163,162110.4084,97106.60766,127233.2986,105558.0263,192463.0926,128098.2055,83086.22345,68381.10587,102475.0472,102477.1233
"sp|P33151|CADH5_HUMAN",65478.87445,94535.75381,70758.50447,56559.63844,94303.0721,75164.582,40022.52108,68344.05454,76314.42563,79666.8232,40330.53154,35886.33063,60150.40783,31285.20902,62762.72372,45429.72403,34081.32653,59848.76828,42510.55373,51602.61221,62024.83381,42898.91278,46101.10955,58773.71545,77696.39461,63845.20828,30805.58864,67472.32543,49102.79049,55209.52423,34587.03409,17350.36679,25781.53551,23661.5722,30195.48759,33350.08114,40625.46371,34163.89585,49815.09115,19757.51793
"sp|P35858|ALS_HUMAN",418485.9692,556555.5499,317348.0225,463626.3909,359268.352,402697.7062,204935.9296,247296.5765,456328.5152,190784.1663,597932.1495,875364.4982,466501.4151,631673.0163,762786.1838,645857.4314,687551.0354,844790.6465,586048.2994,842368.5205,703488.4173,979467.6806,467421.7502,474739.2788,683552.4242,1590924.204,839947.2199,495074.1322,853728.9028,933333.3118,1234149.377,944030.3077,1071523.833,812653.6381,1250577.766,999015.8683,734222.7407,624611.5827,844543.0863,943595.9329
"sp|P36955|PEDF_HUMAN",698647.5794,1404423.224,1260877.584,1572838.366,576229.81,1142411.717,1143075.863,1153168.182,1214228.656,1108970.434,1569432.732,550150.5849,533235.2074,504672.7669,1520082.923,1053815.599,485956.1742,1029848.144,1401661.972,655394.4246,1292164.048,1165846.614,1311558.032,885592.2827,1599791.369,1738247.216,1107474.516,1724333.608,1176520.868,1364238.223,1805612.344,1285195.252,1355055.551,1380625.896,1726833.721,1342223.591,1116440.515,1209396.599,1390004.653,1417332.804
"sp|P43652|AFAM_HUMAN",4205937.742,5125607.675,4419904.361,3520836.012,3651534.287,4170046.532,2462651.095,3381799.672,3971210.389,4393225.691,4491835.223,2813805.518,3133295.206,3578106.548,4272870.856,3388613.983,2994069.294,3617671.039,4026366.181,3399634.344,3384879.675,4298577.594,4363468.357,4682204.523,3929268.48,4359180.27,3912447.047,4796071.659,3881392.803,3950085.827,6292412.78,3215745.426,4275839.613,3431823.555,5464860.82,4663488.636,3098490.698,4093676.711,2985421.84,3484276.99
"sp|P51884|LUM_HUMAN",1646525.666,1031299.849,1232704.735,732341.1993,824288.3372,1731671.506,754696.7033,1622883.334,1457344.764,1686596.726,1539286.419,1458996.359,1455819.236,1759696.021,2080644.274,1605610.175,1223878.24,1777098.499,1243942.138,1528697.549,1502019.945,1382666.816,1397855.942,1285617.244,1680564.638,1753433.91,1124797.587,1577238.844,1455549.86,1390655.546,1182535.441,553611.6255,278457.957,865641.9345,946733.6725,625522.0062,726130.9585,751942.9915,649535.0045,710115.0709
"sp|P60709|ACTB_HUMAN",953372.8559,589197.4239,459331.968,725180.1369,1196014.751,654033.6594,929603.5721,955107.9924,589886.6276,1334252.111,1219539.621,347396.3423,343154.3748,562883.6929,811786.9618,533498.1904,350104.7726,475894.0897,283471.8036,1032107.39,989113.1292,1435256.998,1110309.472,2860979.538,1041406.993,739526.6684,2049813.842,1575755.857,982157.355,2188112.111,2888652.303,1050926.51,3864590.827,3489271.224,3063376.297,3106104.86,1257744.33,2601285.844,2148107.184,1507853.925
"sp|P68871|HBB_HUMAN",4681711.161,4659150.8,4462078.647,3900491.258,7826633.041,7971718.219,3554968.187,15325490.55,2541194.463,2669323.235,1959265.384,6119341.342,9442079.591,9805315.669,1330261.061,18372938.2,1281112.905,1146705.379,1027965.201,8388747.045,10846519.39,4805224.568,2429189.373,1904234.649,3761623.648,39396921.63,2016917.055,4679005.304,2415724.533,10149043.97,1491529.03,697916.8609,2289105.528,1846817.563,587909.1731,1086428.129,799087.83,547526.4112,2237648.067,459578.1775
"sp|P69891|HBG1_HUMAN",2709143.136,1323243.851,1407647.18,1975307.457,1932494.697,3124161.177,927527.1547,8722754.587,1359611.573,966303.3444,31064.20724,20631.63933,4296.690404,8191.128555,10409.71295,264895.6772,16653.11685,34821.98616,8743.48521,17900.24422,51491.81752,31266.08065,33399.39538,33806.5187,5544.175045,20773.48576,130514.9394,22680.8564,40597.95659,14175.79548,8411.882841,15515.20533,26932.61737,26626.959,99507.42948,7768.408787,50409.54978,12034.01466,25964.21822,10707.85021
"sp|P69892|HBG2_HUMAN",6575683.895,4213206.404,3711909.779,4675100.508,4583828.34,7110043.69,2514335.407,20730088.17,3328611.566,2779979.613,27409.97983,10166.17834,19372.48456,33549.24708,25118.7174,121555.3021,13780.10745,42204.81876,19629.88191,14621.27826,15662.6753,11349.33082,11726.22014,23184.02405,14845.43772,27814.5977,20506.55507,29484.74746,18730.70269,24235.5036,18237.23809,8137.890354,44750.08008,8352.213767,19048.93761,14106.51019,24499.08613,13042.80891,13528.09433,7995.147648
"sp|P69905|HBA_HUMAN",21123847.29,12487099.99,13251232.97,16224108.05,18400171.65,24908503.5,9855791.995,65911687.28,10780772.13,9008795.015,1466974.44,4347922.142,6270179.034,6913323.182,1070140.933,13555538.06,1213711.903,972674.964,731987.1566,5501466.041,7121008.463,3122999.311,1845474.211,1275888.971,2630100.457,25652433.25,1365670.068,3070866.501,1708764.611,6674450.128,979414.3433,644545.5696,1615306.822,1454785.012,805312.6631,833944.8139,604951.0681,549381.3308,1520723.504,398854.5835
"sp|P80748|LV302_HUMAN",4162102.04,3965913.906,5736780.823,2869267.33,6689343.653,3759078.822,4797055.319,3329767.46,1760599.678,4448788.05,669993.6848,1180133.249,785189.1819,1026993.762,1086473.182,1011599.376,1340617.988,971431.265,1175103.864,1374850.144,2087888.892,2349007.165,1339206.722,1720097.777,2123381.79,3658537.63,3457948.492,1559094.254,2782407.291,2215202.255,4943637.274,2721988.309,4712970.753,4311411.358,3861297.412,4588387.898,3267885.185,4380053.466,4412119.439,3970991.059
"sp|Q03591|FHR1_HUMAN",379559.5201,542153.9735,1042622.829,700108.7064,462044.1726,848591.7965,536542.4163,499236.5528,548738.8605,647507.3741,356071.5473,383075.4848,365418.013,567736.9358,625376.3933,598111.3392,98806.86978,537134.0689,567706.5311,834698.1889,770636.285,721678.221,309993.3139,377641.0256,781749.6636,790550.5236,901502.4154,779380.1379,805323.4174,535171.3411,817142.6052,762075.0379,727771.3885,914261.3926,959456.6491,437674.4303,531415.7368,698976.7249,598455.8826,597509.4824
"sp|Q06033|ITIH3_HUMAN",1014736.574,1366931.498,1470849.985,941002.2591,989937.1531,1915760.659,1459321.025,2868317.861,1186490.538,1760556.224,1184174.245,505514.5254,1207828.361,779710.7892,777034.4333,1055039.706,1247135.251,692791.331,535874.8334,779594.2048,1276998.065,1238573.843,1072776.391,991283.1714,883314.6329,882069.5649,852385.3357,1380978.679,779851.1135,1497446.129,441802.2315,541256.4661,947902.1225,432870.2439,947460.0241,323587.6688,466426.7215,539671.6602,355775.706,692400.9805
"sp|Q13790|APOF_HUMAN",15169.68081,76405.61533,78825.65385,65750.2492,39716.62397,135846.9176,73797.19736,150257.2019,77037.00119,82657.88686,231160.9467,183776.9865,323586.4376,173484.9075,285246.512,271205.2187,226956.9056,336585.413,216775.7413,198670.2401,275544.1189,213837.0807,242122.628,275391.1702,286502.8636,367037.0497,244261.4571,208313.6454,336233.5708,334089.0026,360224.7999,355096.6282,533998.5143,276176.1935,311440.7227,274153.9307,284453.6202,290780.4608,238651.6058,357778.713
"sp|Q14624|ITIH4_HUMAN",9913252.792,13084715.72,14749146.98,14807077.32,12503085.85,10675609.48,11701665,14487804.99,15581174.82,10714964.21,17944342.66,14250446.36,18963316.5,13289766.35,15467282.24,18823826.06,17455623.82,15706022.52,15485043.92,18266336.2,21442621.93,25777273.43,23612269.13,23126892.96,19286867.2,17508269.9,22518841.84,22017794.51,20415152.5,26314138.98,16659736.61,16410980.08,24232118.6,18380729.15,24368117.3,17534400.97,14232523.56,14705977.46,13331148.66,20989881.05
"sp|Q96IY4|CBPB2_HUMAN",50203.32967,133902.7057,111023.352,100021.6844,55310.7814,110842.6165,83893.06062,89656.95873,110920.9839,107276.887,186239.916,153769.9827,209198.1013,155783.1402,257945.1247,171427.4052,182529.0936,160853.9151,152353.9735,165958.9976,231203.1363,225150.6859,213641.1049,264883.7792,204543.9677,227926.9714,251559.7725,284401.063,195395.4385,299592.8597,221282.1541,180774.6519,209653.5331,161862.6817,210295.1075,129688.1226,145860.802,159616.2307,146000.3271,182960.2869
"sp|Q96PD5|PGRP2_HUMAN",770674.2958,1923269.504,1490375.25,2158746.313,1418526.069,1142024.446,914122.3402,1169699.136,1384396.038,1512705.647,3950553.216,2301391.013,2709815.891,2547562.278,3304146.303,2506155.655,1974848.894,2914744.372,2995941.288,2831575.21,2739219.567,2358520.941,3225201.421,3568755.416,2801834.977,2839718.785,2507430.188,3456902.707,2780305.304,2758038.18,2060880.419,1650879.826,1678099.215,1819732.194,982491.5535,1641282.3,1694517.231,1761664.367,1419169.808,1564979.717
"sp|Q9UIH9|KLF15_HUMAN",4481.552371,6994.151012,279781.9002,5139.905723,291657.6634,233311.1588,503701.5824,1944.995502,9485.045432,268079.9059,3853.094655,268196.1632,3742.527614,3714.77867,9451.562369,5486.26514,473270.3577,9744.574652,2596.366164,2707.026689,4336.696784,463663.7057,4153.2255,739040.2405,5046.996781,5040.240484,7856.786072,8907.793717,8687.317887,366162.7144,398263.6807,4246.191915,10415.61278,3693.008004,11065.78865,5568.375208,268336.3221,5236.720751,195847.1547,4549.128719
"sp|Q9Y490|TLN1_HUMAN",2099.256276,1508.45757,2260.681994,4026.536161,3962.314363,2033.644025,7012.031391,3356.356422,1291.723689,4344.400151,5630.746436,3247.94179,1307.979033,4541.465824,937.2682097,1206.605194,2554.568376,1538.644916,3327.147177,5107.758744,3626.371867,4412.143051,4107.807071,12157.32296,3775.504873,5504.0521,9371.214835,2137.13302,3698.565033,10554.63065,16652.97067,5521.622194,20248.40788,19415.87542,19660.3569,20153.45722,6361.365782,12405.05155,14921.67858,9211.926619
